Frame ID; Time; Collision Count; Red Mushroom Count; Brown Mushroom Count; RL Position X; RL Position Y; RL Position Z; Game Position X; Game Position Y; Game Position Z; Navigation State
1;00:00:02;0;0;0;0;0;0;0;0;0;nothing
2;00:00:04;0;0;0;0;0;0;0;0;0;nothing
3;00:00:14;0;0;0;0;0;0;0;0;0;nothing
4;00:00:24;0;0;0;-2,016177;1,125341;0,06718725;0;0;0;nothing
5;00:00:25;0;0;0;-2,012843;1,12491;0,06672108;0;0;0;nothing
6;00:00:26;0;0;0;-2,008887;1,122944;0,06647342;0;0;0;nothing
7;00:00:26;0;0;0;-2,008304;1,122573;0,06643015;0;0;0;nothing
8;00:00:28;0;0;0;-2,007713;1,122104;0,06643271;0;0;0;nothing
9;00:00:28;0;0;0;-2,007144;1,121722;0,06639403;0;0;0;nothing
10;00:00:30;0;0;0;-2,006654;1,121351;0,06628859;0;0;0;nothing
11;00:00:31;0;0;0;-2,006341;1,121126;0,06598699;0;0;0;nothing
12;00:00:32;0;0;0;-2,006129;1,120981;0,06560254;0;0;0;nothing
13;00:00:33;0;0;0;-2,006204;1,12095;0,06503999;0;0;0;nothing
14;00:00:34;0;0;0;-2,006269;1,120885;0,06451476;0;0;0;nothing
15;00:00:35;0;0;0;-2,006409;1,120821;0,06400084;0;0;0;nothing
16;00:00:36;0;0;0;-2,006508;1,120714;0,06365329;0;0;0;nothing
17;00:00:37;0;0;0;-2,006536;1,120695;0,06339413;0;0;0;nothing
18;00:00:39;0;0;0;-2,006551;1,120746;0,06320113;0;0;0;nothing
19;00:00:40;0;0;0;-2,006556;1,120918;0,0630343;0;0;0;nothing
20;00:00:41;0;0;0;-2,00665;1,120938;0,06289124;0;0;0;nothing
21;00:00:42;0;0;0;-2,006717;1,121073;0,06261748;0;0;0;nothing
22;00:00:43;0;0;0;-2,006902;1,121199;0,06237847;0;0;0;nothing
23;00:00:44;0;0;0;-2,007149;1,121349;0,06209582;0;0;0;nothing
24;00:00:45;0;0;0;-2,00752;1,121524;0,06175721;0;0;0;nothing
25;00:00:46;0;0;0;-2,007881;1,121567;0,06137687;0;0;0;nothing
26;00:00:47;0;0;0;-2,008257;1,121663;0,06093168;0;0;0;nothing
27;00:00:49;0;0;0;-2,008601;1,121733;0,0604915;0;0;0;nothing
28;00:00:50;0;0;0;-2,009032;1,12173;0,06015128;0;0;0;nothing
29;00:00:51;0;0;0;-2,009369;1,121819;0,05979723;0;0;0;nothing
30;00:00:52;0;0;0;-2,009739;1,121812;0,05952942;0;0;0;nothing
31;00:00:53;0;0;0;-2,010081;1,121671;0,05930394;0;0;0;nothing
32;00:00:54;0;0;0;-2,010448;1,12143;0,05906141;0;0;0;nothing
33;00:00:55;0;0;0;-2,010848;1,121077;0,05900836;0;0;0;nothing
34;00:00:56;0;0;0;-2,019174;1,120209;0,07369137;0;0;0;nothing
35;00:00:58;0;0;0;-2,019707;1,120136;0,07370663;0;0;0;nothing
36;00:00:59;0;0;0;-2,017044;1,12044;0,07449043;0;0;0;nothing
37;00:00:60;0;0;0;-2,003755;1,125957;0,07841015;0;0;0;nothing
38;00:00:61;0;0;0;-2,00409;1,125923;0,0784151;0;0;0;nothing
39;00:00:62;0;0;0;-2,004086;1,125974;0,07862312;0;0;0;nothing
40;00:00:63;0;0;0;-2,001222;1,127206;0,07974029;0;0;0;nothing
41;00:00:64;0;0;0;-2,001447;1,127132;0,07963055;0;0;0;nothing
42;00:00:65;0;0;0;-2,016217;1,121309;0,07506722;0;0;0;nothing
43;00:00:66;0;0;0;-2,015898;1,121468;0,07530069;0;0;0;nothing
44;00:00:68;0;0;0;-2,016205;1,121285;0,07496476;0;0;0;nothing
45;00:00:69;0;0;0;-1,979395;1,135523;0,08592844;0;0;0;nothing
46;00:00:70;0;0;0;-1,978481;1,135739;0,08640289;0;0;0;nothing
47;00:00:71;0;0;0;-1,978235;1,135697;0,0863511;0;0;0;nothing
48;00:00:72;0;0;0;-1,978938;1,13515;0,08598685;0;0;0;nothing
49;00:00:73;0;0;0;-1,978419;1,135136;0,08612871;0;0;0;nothing
50;00:00:74;0;0;0;-1,978197;1,134971;0,08578235;0;0;0;nothing
51;00:00:75;0;0;0;-1,998222;1,126961;0,07923353;0;0;0;nothing
52;00:00:77;0;0;0;-2,00225;1,125133;0,07808739;0;0;0;nothing
53;00:00:78;0;0;0;-2,002125;1,124995;0,07760549;0;0;0;nothing
54;00:00:79;0;0;0;-2,009955;1,121362;0,07475096;0;0;0;nothing
55;00:00:80;0;0;0;-2,010634;1,120844;0,07416111;0;0;0;nothing
56;00:00:81;0;0;0;-2,010381;1,1207;0,07369101;0;0;0;nothing
57;00:00:82;0;0;0;-2,014521;1,118474;0,07173866;0;0;0;nothing
58;00:00:83;0;0;0;-2,014257;1,118307;0,07093436;0;0;0;nothing
59;00:00:84;0;0;0;-2,01393;1,118095;0,07028341;0;0;0;nothing
60;00:00:85;0;0;0;-2,01635;1,11645;0,06881434;0;0;0;nothing
61;00:00:87;0;0;0;-2,015943;1,116236;0,06818116;0;0;0;nothing
62;00:00:88;0;0;0;-2,015599;1,116027;0,06753933;0;0;0;nothing
63;00:00:89;0;0;0;-2,016915;1,114933;0,06628126;0;0;0;nothing
64;00:00:90;0;0;0;-2,016589;1,114679;0,0653711;0;0;0;nothing
65;00:00:91;0;0;0;-2,016304;1,114443;0,06459492;0;0;0;nothing
66;00:00:92;0;0;0;-2,022642;1,111153;0,06177777;0;0;0;nothing
67;00:00:94;0;0;0;-2,022019;1,111249;0,06112909;0;0;0;nothing
68;00:00:95;0;0;0;-2,022069;1,111092;0,06047493;0;0;0;nothing
69;00:00:96;0;0;0;-2,024673;1,109224;0,0589062;0;0;0;nothing
70;00:00:97;0;0;0;-2,02464;1,108948;0,05814427;0;0;0;nothing
71;00:00:98;0;0;0;-2,024602;1,108691;0,0573169;0;0;0;nothing
72;00:00:99;0;0;0;-2,027126;1,107159;0,05561912;0;0;0;nothing
73;00:01:00;0;0;0;-2,027136;1,106897;0,05480349;0;0;0;nothing
74;00:01:02;0;0;0;-2,028774;1,105829;0,0534476;0;0;0;walking
75;00:01:03;0;0;0;-2,028309;1,105581;0,05260819;0;0;0;walking
76;00:01:04;0;0;0;-2,028276;1,10506;0,05171144;0;0;0;walking
77;00:01:05;0;0;0;-2,028244;1,104465;0,05077958;0;0;0;walking
78;00:01:06;0;0;0;-2,028987;1,10346;0,04951489;0;0;0;walking
79;00:01:07;0;0;0;-2,029088;1,102917;0,04833341;0;0;0;walking
80;00:01:08;0;0;0;-2,029357;1,103079;0,04794663;0;0;0;walking
81;00:01:09;0;0;0;-2,02965;1,103411;0,04785514;0;0;0;walking
82;00:01:11;0;0;0;-2,030267;1,104487;0,04784226;0;0;0;walking
83;00:01:12;0;0;0;-2,030608;1,104866;0,0471074;0;0;0;walking
84;00:01:13;0;0;0;-2,029833;1,104823;0,04633635;0;0;0;walking
85;00:01:14;0;0;0;-2,030009;1,104518;0,04531842;0;0;0;walking
86;00:01:15;0;0;0;-2,029702;1,104689;0,04468191;0;0;0;walking
87;00:01:16;0;0;0;-2,030228;1,104458;0,04408711;0;0;0;walking
88;00:01:17;0;0;0;-2,030694;1,104298;0,04331768;0;0;0;walking
89;00:01:18;0;0;0;-2,03023;1,104625;0,04288214;0;0;0;walking
90;00:01:19;0;0;0;-2,030448;1,104716;0,0423525;0;0;0;walking
91;00:01:21;0;0;0;-2,030834;1,104738;0,0418331;0;0;0;walking
92;00:01:22;0;0;0;-2,030385;1,10536;0,04176193;0;0;0;walking
93;00:01:23;0;0;0;-2,03072;1,105443;0,0413987;0;0;0;walking
94;00:01:24;0;0;0;-2,031146;1,105361;0,04099685;0;0;0;walking
95;00:01:25;0;0;0;-2,030567;1,105707;0,04087234;0;0;0;walking
96;00:01:26;0;0;0;-2,030887;1,105672;0,04059845;0;0;0;walking
97;00:01:27;0;0;0;-2,031338;1,105545;0,04010439;0;0;0;walking
98;00:01:28;0;0;0;-2,030724;1,105862;0,03995222;0;0;0;walking
99;00:01:29;0;0;0;-2,03109;1,105776;0,03943324;0;0;0;walking
100;00:01:31;0;0;0;-2,031525;1,105678;0,03905994;0;0;0;walking
101;00:01:32;0;0;0;-2,030287;1,106203;0,0392589;0;0;0;walking
102;00:01:33;0;0;0;-2,030887;1,106026;0,03859401;0;0;0;walking
103;00:01:34;0;0;0;-2,031338;1,105979;0,03818691;0;0;0;walking
104;00:01:35;0;0;0;-2,030155;1,106511;0,03826958;0;0;0;walking
105;00:01:36;0;0;0;-2,031077;1,106274;0,03753537;0;0;0;walking
106;00:01:37;0;0;0;-2,031476;1,106294;0,03718263;0;0;0;walking
107;00:01:38;0;0;0;-2,023209;1,109575;0,03959686;0;0;0;walking
108;00:01:40;0;0;0;-2,02375;1,109378;0,03934735;0;0;0;walking
109;00:01:41;0;0;0;-2,024078;1,1093;0,0391382;0;0;0;walking
110;00:01:42;0;0;0;-2,019818;1,111127;0,0403586;0;0;0;walking
111;00:01:43;0;0;0;-2,020191;1,111054;0,0402444;0;0;0;walking
112;00:01:44;0;0;0;-2,020424;1,110973;0,04012609;0;0;0;walking
113;00:01:45;0;0;0;-2,018;1,112077;0,04082566;0;0;0;walking
114;00:01:46;0;0;0;-2,018297;1,11198;0,04070407;0;0;0;walking
115;00:01:47;0;0;0;-2,018505;1,111927;0,04062986;0;0;0;walking
116;00:01:49;0;0;0;-2,016459;1,112703;0,04127139;0;0;0;walking
117;00:01:50;0;0;0;-2,016571;1,112675;0,04130358;0;0;0;walking
118;00:01:51;0;0;0;-2,016757;1,112611;0,04118639;0;0;0;walking
119;00:01:52;0;0;0;-2,015177;1,113328;0,04160196;0;0;0;walking
120;00:01:53;0;0;0;-2,015217;1,113294;0,04172868;0;0;0;walking
121;00:01:54;0;0;0;-2,015361;1,113192;0,04166311;0;0;0;walking
122;00:01:55;0;0;0;-2,012868;1,114072;0,04243505;0;0;0;walking
123;00:01:56;0;0;0;-2,012828;1,114012;0,04264027;0;0;0;walking
124;00:01:57;0;0;0;-2,012942;1,113821;0,04265404;0;0;0;walking
125;00:01:59;0;0;0;-2,010232;1,114662;0,04355395;0;0;0;walking
126;00:01:60;0;0;0;-2,009933;1,114516;0,04373527;0;0;0;walking
127;00:01:61;0;0;0;-2,009963;1,114144;0,04383832;0;0;0;walking
128;00:01:62;0;0;0;-2,006397;1,115117;0,04507458;0;0;0;walking
129;00:01:63;0;0;0;-2,005891;1,115035;0,04512352;0;0;0;walking
130;00:01:64;0;0;0;-2,005928;1,114745;0,04527593;0;0;0;walking
131;00:01:65;0;0;0;-2,002431;1,115873;0,04652703;0;0;0;walking
132;00:01:66;0;0;0;-2,001941;1,1158;0,04660666;0;0;0;walking
133;00:01:67;0;0;0;-2,001873;1,115588;0,04676211;0;0;0;walking
134;00:01:69;0;0;0;-1,9993;1,116576;0,0476675;0;0;0;walking
135;00:01:70;0;0;0;-1,998666;1,116694;0,04808515;0;0;0;walking
136;00:01:71;0;0;0;-1,99856;1,116539;0,0483737;0;0;0;walking
137;00:01:72;0;0;0;-1,99651;1,117362;0,04925442;0;0;0;walking
138;00:01:73;0;0;0;-1,995888;1,117471;0,04970223;0;0;0;walking
139;00:01:74;0;0;0;-1,995741;1,117355;0,04996651;0;0;0;walking
140;00:01:75;0;0;0;-1,993613;1,118271;0,05088443;0;0;0;walking
141;00:01:77;0;0;0;-1,993002;1,118435;0,05118889;0;0;0;walking
142;00:01:78;0;0;0;-1,992871;1,118398;0,05150324;0;0;0;walking
143;00:01:79;0;0;0;-1,990298;1,119439;0,05254376;0;0;0;walking
144;00:01:80;0;0;0;-1,989625;1,11969;0,0529654;0;0;0;walking
145;00:01:81;0;0;0;-1,989475;1,119718;0,05328941;0;0;0;walking
146;00:01:83;0;0;0;-1,985867;1,121343;0,05468172;0;0;0;walking
147;00:01:83;0;0;0;-1,985667;1,121406;0,05496657;0;0;0;walking
148;00:01:84;0;0;0;-1,98547;1,121474;0,05525798;0;0;0;walking
149;00:01:85;0;0;0;-1,985356;1,121545;0,05560011;0;0;0;walking
150;00:01:86;0;0;0;-1,9806;1,123599;0,05738324;0;0;0;walking
151;00:01:87;0;0;0;-1,980485;1,123697;0,05775499;0;0;0;walking
152;00:01:88;0;0;0;-1,980087;1,124014;0,0582127;0;0;0;walking
153;00:01:89;0;0;0;-1,978488;1,124792;0,05887306;0;0;0;walking
154;00:01:90;0;0;0;-1,978371;1,124902;0,0592047;0;0;0;walking
155;00:01:92;0;0;0;-1,977559;1,125217;0,0597409;0;0;0;walking
156;00:01:93;0;0;0;-1,975654;1,126141;0,06048608;0;0;0;walking
157;00:01:94;0;0;0;-1,97556;1,126249;0,06074482;0;0;0;walking
158;00:01:95;0;0;0;-1,975519;1,126371;0,06096888;0;0;0;walking
159;00:01:96;0;0;0;-1,972544;1,127926;0,06197947;0;0;0;walking
160;00:01:97;0;0;0;-1,97253;1,127924;0,06225556;0;0;0;walking
161;00:01:98;0;0;0;-1,971379;1,128346;0,06291616;0;0;0;walking
162;00:01:99;0;0;0;-1,969116;1,129268;0,06387091;0;0;0;walking
163;00:02:00;0;0;0;-1,969192;1,129089;0,06412303;0;0;0;walking
164;00:02:02;0;0;0;-1,969243;1,128968;0,06434631;0;0;0;walking
165;00:02:03;0;0;0;-1,965668;1,130436;0,0654633;0;0;0;nothing
166;00:02:04;0;0;0;-1,965679;1,130394;0,06559974;0;0;0;nothing
167;00:02:05;0;0;0;-1,965001;1,130789;0,06591916;0;0;0;nothing
168;00:02:06;0;0;0;-1,963945;1,131233;0,06619936;0;0;0;nothing
169;00:02:07;0;0;0;-1,963945;1,131262;0,0662837;0;0;0;nothing
170;00:02:08;0;0;0;-1,96391;1,1315;0,0663811;0;0;0;nothing
171;00:02:09;0;0;0;-1,96358;1,131725;0,06662852;0;0;0;nothing
172;00:02:11;0;0;0;-1,963653;1,131837;0,06668037;0;0;0;nothing
173;00:02:12;0;0;0;-1,96372;1,132009;0,06676877;0;0;0;nothing
174;00:02:13;0;0;0;-1,963902;1,132175;0,06680483;0;0;0;nothing
175;00:02:14;0;0;0;-1,963995;1,132443;0,06681949;0;0;0;nothing
176;00:02:15;0;0;0;-1,963942;1,132733;0,06685609;0;0;0;nothing
177;00:02:16;0;0;0;-1,964541;1,13272;0,06680071;0;0;0;nothing
178;00:02:17;0;0;0;-1,964559;1,133114;0,06694919;0;0;0;nothing
179;00:02:18;0;0;0;-1,965469;1,133216;0,06691247;0;0;0;nothing
180;00:02:19;0;0;0;-1,96628;1,133363;0,06702715;0;0;0;nothing
181;00:02:21;0;0;0;-1,966456;1,133805;0,0672124;0;0;0;nothing
182;00:02:22;0;0;0;-1,967434;1,13405;0,0672186;0;0;0;nothing
183;00:02:23;0;0;0;-1,968377;1,134275;0,06723726;0;0;0;nothing
184;00:02:24;0;0;0;-1,968529;1,134853;0,06749785;0;0;0;nothing
185;00:02:25;0;0;0;-1,969667;1,135028;0,06750184;0;0;0;nothing
186;00:02:26;0;0;0;-1,970866;1,135169;0,0674938;0;0;0;nothing
187;00:02:27;0;0;0;-1,970975;1,13577;0,06780905;0;0;0;nothing
188;00:02:29;0;0;0;-1,972161;1,136163;0,06781071;0;0;0;nothing
189;00:02:30;0;0;0;-1,973605;1,136204;0,06777757;0;0;0;nothing
190;00:02:31;0;0;0;-1,973729;1,13679;0,06805998;0;0;0;nothing
191;00:02:32;0;0;0;-1,974761;1,137016;0,06807435;0;0;0;nothing
192;00:02:33;0;0;0;-1,975919;1,137037;0,0678463;0;0;0;nothing
193;00:02:34;0;0;0;-1,976058;1,137517;0,06808203;0;0;0;nothing
194;00:02:35;0;0;0;-1,977421;1,137631;0,06798208;0;0;0;nothing
195;00:02:37;0;0;0;-1,979;1,137388;0,06796235;0;0;0;nothing
196;00:02:38;0;0;0;-1,979225;1,137652;0,06825739;0;0;0;nothing
197;00:02:39;0;0;0;-1,980521;1,137305;0,0682891;0;0;0;nothing
198;00:02:40;0;0;0;-1,981781;1,136974;0,06823355;0;0;0;nothing
199;00:02:41;0;0;0;-1,982085;1,137033;0,06849873;0;0;0;nothing
200;00:02:42;0;0;0;-1,984056;1,136425;0,06830293;0;0;0;nothing
201;00:02:43;0;0;0;-1,985459;1,135858;0,06802493;0;0;0;nothing
202;00:02:45;0;0;0;-1,985854;1,135758;0,06831086;0;0;0;nothing
203;00:02:46;0;0;0;-1,987645;1,134849;0,06823671;0;0;0;nothing
204;00:02:47;0;0;0;-1,989283;1,134156;0,06829029;0;0;0;nothing
205;00:02:48;0;0;0;-1,98966;1,134034;0,06862575;0;0;0;nothing
206;00:02:49;0;0;0;-1,990699;1,133451;0,06881285;0;0;0;nothing
207;00:02:50;0;0;0;-1,992024;1,132923;0,06903172;0;0;0;nothing
208;00:02:51;0;0;0;-1,992512;1,132756;0,06948608;0;0;0;nothing
209;00:02:52;0;0;0;-1,994312;1,131917;0,06956369;0;0;0;nothing
210;00:02:53;0;0;0;-1,995594;1,131461;0,06986451;0;0;0;nothing
211;00:02:55;0;0;0;-1,996168;1,131346;0,07032299;0;0;0;nothing
212;00:02:56;0;0;0;-1,998531;1,130563;0,07028484;0;0;0;nothing
213;00:02:57;0;0;0;-1,999523;1,130389;0,07060635;0;0;0;nothing
214;00:02:58;0;0;0;-2,000132;1,130442;0,07113105;0;0;0;nothing
215;00:02:59;0;0;0;-2,001737;1,130256;0,07139659;0;0;0;nothing
216;00:02:60;0;0;0;-2,002388;1,130375;0,07191199;0;0;0;nothing
217;00:02:61;0;0;0;-2,003025;1,130524;0,07249051;0;0;0;nothing
218;00:02:62;0;0;0;-2,004335;1,130361;0,07298356;0;0;0;nothing
219;00:02:63;0;0;0;-2,004935;1,130638;0,07362878;0;0;0;nothing
220;00:02:65;0;0;0;-2,005475;1,131023;0,07431859;0;0;0;nothing
221;00:02:66;0;0;0;-2,00655;1,131057;0,07484913;0;0;0;nothing
222;00:02:67;0;0;0;-2,007058;1,131438;0,07554007;0;0;0;nothing
223;00:02:68;0;0;0;-2,007525;1,131857;0,07621831;0;0;0;nothing
224;00:02:69;0;0;0;-2,008554;1,131944;0,07674235;0;0;0;nothing
225;00:02:70;0;0;0;-2,008651;1,132588;0,07763773;0;0;0;nothing
226;00:02:71;0;0;0;-2,008923;1,133173;0,07840878;0;0;0;nothing
227;00:02:72;0;0;0;-2,009098;1,133569;0,07923996;0;0;0;nothing
228;00:02:74;0;0;0;-2,009079;1,134177;0,07981277;0;0;0;nothing
229;00:02:75;0;0;0;-2,009183;1,134732;0,08059299;0;0;0;nothing
230;00:02:76;0;0;0;-2,010292;1,135002;0,08111191;0;0;0;nothing
231;00:02:77;0;0;0;-2,009913;1,135747;0,08201057;0;0;0;nothing
232;00:02:78;0;0;0;-2,009973;1,136314;0,08283883;0;0;0;nothing
233;00:02:79;0;0;0;-2,011063;1,136455;0,083314;0;0;0;nothing
234;00:02:80;0;0;0;-2,011048;1,137079;0,0841921;0;0;0;nothing
235;00:02:81;0;0;0;-2,011032;1,137607;0,08507186;0;0;0;nothing
236;00:02:83;0;0;0;-2,011204;1,13796;0,08554745;0;0;0;nothing
237;00:02:84;0;0;0;-2,011188;1,138437;0,08638895;0;0;0;nothing
238;00:02:85;0;0;0;-2,011204;1,138917;0,08722496;0;0;0;nothing
239;00:02:86;0;0;0;-2,011641;1,139099;0,08777624;0;0;0;nothing
240;00:02:87;0;0;0;-2,011766;1,1395;0,08862656;0;0;0;nothing
241;00:02:88;0;0;0;-2,0119;1,139825;0,08948421;0;0;0;nothing
242;00:02:89;0;0;0;-2,012009;1,140095;0,09042585;0;0;0;nothing
243;00:02:90;0;0;0;-2,012738;1,140175;0,09126401;0;0;0;nothing
244;00:02:91;0;0;0;-2,013014;1,140451;0,09227991;0;0;0;nothing
245;00:02:93;0;0;0;-2,013662;1,140468;0,09336632;0;0;0;nothing
246;00:02:94;0;0;0;-2,01393;1,14073;0,09441531;0;0;0;nothing
247;00:02:95;0;0;0;-2,014175;1,141006;0,09547192;0;0;0;nothing
248;00:02:96;0;0;0;-2,014923;1,141116;0,09640449;0;0;0;nothing
249;00:02:97;0;0;0;-2,01519;1,141432;0,09755993;0;0;0;nothing
250;00:02:98;0;0;0;-2,015469;1,141773;0,09869891;0;0;0;nothing
251;00:02:99;0;0;0;-2,016121;1,141786;0,09976858;0;0;0;nothing
252;00:03:00;0;0;0;-2,016408;1,142096;0,100879;0;0;0;nothing
253;00:03:02;0;0;0;-2,016687;1,142319;0,1019655;0;0;0;nothing
254;00:03:03;0;0;0;-2,017124;1,14227;0,1030102;0;0;0;nothing
255;00:03:04;0;0;0;-2,01735;1,142485;0,1040608;0;0;0;nothing
256;00:03:05;0;0;0;-2,017572;1,142702;0,1050911;0;0;0;nothing
257;00:03:06;0;0;0;-2,01808;1,142617;0,105976;0;0;0;nothing
258;00:03:07;0;0;0;-2,018232;1,142726;0,1069092;0;0;0;nothing
259;00:03:08;0;0;0;-2,018346;1,142866;0,1077494;0;0;0;nothing
260;00:03:09;0;0;0;-2,018663;1,142873;0,1086527;0;0;0;nothing
261;00:03:10;0;0;0;-2,018659;1,143039;0,1094847;0;0;0;nothing
262;00:03:12;0;0;0;-2,018662;1,143238;0,110294;0;0;0;nothing
263;00:03:13;0;0;0;-2,018953;1,143143;0,1108977;0;0;0;nothing
264;00:03:14;0;0;0;-2,018892;1,143325;0,1116484;0;0;0;nothing
265;00:03:15;0;0;0;-2,018932;1,143422;0,1122966;0;0;0;nothing
266;00:03:16;0;0;0;-2,019172;1,143434;0,1127704;0;0;0;nothing
267;00:03:17;0;0;0;-2,01914;1,1436;0,1133045;0;0;0;nothing
268;00:03:18;0;0;0;-2,019218;1,143675;0,1138153;0;0;0;nothing
269;00:03:19;0;0;0;-2,019384;1,143743;0,1143767;0;0;0;nothing
270;00:03:20;0;0;0;-2,019313;1,143928;0,1148964;0;0;0;nothing
271;00:03:22;0;0;0;-2,019221;1,144118;0,1154347;0;0;0;nothing
272;00:03:23;0;0;0;-2,019253;1,144183;0,1160437;0;0;0;nothing
273;00:03:24;0;0;0;-2,01921;1,144338;0,1165242;0;0;0;nothing
274;00:03:25;0;0;0;-2,019185;1,14443;0,1169594;0;0;0;nothing
275;00:03:26;0;0;0;-2,019366;1,144408;0,1171769;0;0;0;nothing
276;00:03:27;0;0;0;-2,019378;1,144458;0,1176139;0;0;0;nothing
277;00:03:28;0;0;0;-2,019601;1,144489;0,1179592;0;0;0;nothing
278;00:03:29;0;0;0;-2,01969;1,144491;0,1184502;0;0;0;nothing
279;00:03:31;0;0;0;-2,0197;1,144489;0,1188537;0;0;0;nothing
280;00:03:32;0;0;0;-2,019545;1,144427;0,1192608;0;0;0;nothing
281;00:03:33;0;0;0;-2,019537;1,144373;0,1197456;0;0;0;nothing
282;00:03:34;0;0;0;-2,019507;1,144285;0,120131;0;0;0;nothing
283;00:03:35;0;0;0;-2,019539;1,144078;0,1204806;0;0;0;nothing
284;00:03:36;0;0;0;-2,019551;1,143879;0,1206651;0;0;0;nothing
285;00:03:37;0;0;0;-2,019526;1,143705;0,1209896;0;0;0;nothing
286;00:03:38;0;0;0;-2,019469;1,143536;0,1212947;0;0;0;nothing
287;00:03:39;0;0;0;-2,019331;1,143273;0,121528;0;0;0;nothing
288;00:03:41;0;0;0;-2,019187;1,143112;0,1217697;0;0;0;nothing
289;00:03:42;0;0;0;-2,018988;1,142916;0,1219728;0;0;0;nothing
290;00:03:43;0;0;0;-2,018678;1,142836;0,1222669;0;0;0;nothing
291;00:03:44;0;0;0;-2,018447;1,1427;0,1224041;0;0;0;nothing
292;00:03:45;0;0;0;-2,018338;1,142538;0,1224676;0;0;0;nothing
293;00:03:46;0;0;0;-2,018013;1,142494;0,1225404;0;0;0;nothing
294;00:03:47;0;0;0;-2,017771;1,142433;0,1225103;0;0;0;nothing
295;00:03:48;0;0;0;-2,017539;1,142359;0,1224008;0;0;0;nothing
296;00:03:50;0;0;0;-2,017094;1,142408;0,1222219;0;0;0;nothing
297;00:03:51;0;0;0;-2,016792;1,142419;0,1219625;0;0;0;nothing
298;00:03:52;0;0;0;-2,016402;1,14233;0,1216972;0;0;0;nothing
299;00:03:53;0;0;0;-2,015866;1,142354;0,1213654;0;0;0;nothing
300;00:03:54;0;0;0;-2,015472;1,142269;0,1209996;0;0;0;nothing
301;00:03:55;0;0;0;-2,015119;1,142129;0,1205723;0;0;0;nothing
302;00:03:56;0;0;0;-2,014426;1,142046;0,1201126;0;0;0;nothing
303;00:03:57;0;0;0;-2,013955;1,141833;0,1194906;0;0;0;nothing
304;00:03:58;0;0;0;-2,013472;1,141572;0,1187515;0;0;0;nothing
305;00:03:60;0;0;0;-2,0128;1,14146;0,1182002;0;0;0;nothing
306;00:03:61;0;0;0;-2,012277;1,141242;0,1173431;0;0;0;nothing
307;00:03:62;0;0;0;-2,011665;1,141027;0,1164626;0;0;0;nothing
308;00:03:63;0;0;0;-2,010772;1,1409;0,1154779;0;0;0;nothing
309;00:03:64;0;0;0;-2,010123;1,140668;0,1143895;0;0;0;nothing
310;00:03:65;0;0;0;-2,008403;1,140507;0,1134719;0;0;0;nothing
311;00:03:66;0;0;0;-2,006422;1,140843;0,1126238;0;0;0;nothing
312;00:03:67;0;0;0;-2,005715;1,140637;0,11134;0;0;0;nothing
313;00:03:69;0;0;0;-2,005342;1,140296;0,1099159;0;0;0;nothing
314;00:03:70;0;0;0;-2,004014;1,14031;0,1085289;0;0;0;nothing
315;00:03:71;0;0;0;-2,003295;1,140077;0,107066;0;0;0;nothing
316;00:03:72;0;0;0;-2,002355;1,139762;0,1056764;0;0;0;nothing
317;00:03:73;0;0;0;-2,001172;1,139797;0,1040224;0;0;0;nothing
318;00:03:74;0;0;0;-2,000528;1,139741;0,1024935;0;0;0;nothing
319;00:03:75;0;0;0;-1,999926;1,139618;0,1009724;0;0;0;nothing
320;00:03:76;0;0;0;-1,998986;1,139745;0,09940398;0;0;0;nothing
321;00:03:77;0;0;0;-1,998473;1,139657;0,09781379;0;0;0;nothing
322;00:03:79;0;0;0;-1,997872;1,139507;0,09625089;0;0;0;nothing
323;00:03:80;0;0;0;-1,99744;1,139513;0,09467274;0;0;0;nothing
324;00:03:81;0;0;0;-1,997118;1,139473;0,09311163;0;0;0;nothing
325;00:03:82;0;0;0;-1,996662;1,139542;0,0916115;0;0;0;nothing
326;00:03:83;0;0;0;-1,996691;1,139501;0,09015554;0;0;0;nothing
327;00:03:84;0;0;0;-1,996518;1,13951;0,08864093;0;0;0;nothing
328;00:03:85;0;0;0;-1,995901;1,139646;0,08723515;0;0;0;nothing
329;00:03:86;0;0;0;-1,996174;1,139499;0,08555532;0;0;0;nothing
330;00:03:88;0;0;0;-1,99613;1,139463;0,08402044;0;0;0;nothing
331;00:03:89;0;0;0;-1,995061;1,139857;0,08286166;0;0;0;nothing
332;00:03:90;0;0;0;-1,99586;1,139519;0,08127874;0;0;0;nothing
333;00:03:91;0;0;0;-1,995946;1,139491;0,0798679;0;0;0;nothing
334;00:03:92;0;0;0;-1,996392;1,139421;0,07844621;0;0;0;nothing
335;00:03:93;0;0;0;-1,997306;1,139064;0,07694542;0;0;0;nothing
336;00:03:94;0;0;0;-1,997555;1,138988;0,07570362;0;0;0;nothing
337;00:03:95;0;0;0;-1,997863;1,138984;0,07452804;0;0;0;nothing
338;00:03:96;0;0;0;-1,998055;1,138885;0,07357645;0;0;0;nothing
339;00:03:98;0;0;0;-1,998317;1,138715;0,07258505;0;0;0;nothing
340;00:03:99;0;0;0;-1,99834;1,138805;0,07161778;0;0;0;nothing
341;00:04:00;0;0;0;-1,99844;1,13868;0,07075119;0;0;0;nothing
342;00:04:01;0;0;0;-1,998745;1,138358;0,06997383;0;0;0;nothing
343;00:04:02;0;0;0;-1,998583;1,138242;0,06936908;0;0;0;nothing
344;00:04:03;0;0;0;-1,998713;1,138126;0,06855839;0;0;0;nothing
345;00:04:04;0;0;0;-1,999064;1,137988;0,06785142;0;0;0;nothing
346;00:04:05;0;0;0;-1,999887;1,13767;0,06719244;0;0;0;nothing
347;00:04:07;0;0;0;-1,999874;1,137601;0,06680489;0;0;0;nothing
348;00:04:08;0;0;0;-2,000182;1,137404;0,06631857;0;0;0;nothing
349;00:04:09;0;0;0;-2,000561;1,137068;0,06582093;0;0;0;nothing
350;00:04:10;0;0;0;-2,000259;1,137071;0,06538361;0;0;0;nothing
351;00:04:11;0;0;0;-2,000598;1,136816;0,06490982;0;0;0;nothing
352;00:04:12;0;0;0;-2,001285;1,136541;0,06446868;0;0;0;nothing
353;00:04:13;0;0;0;-2,000869;1,136639;0,06414294;0;0;0;nothing
354;00:04:14;0;0;0;-2,001143;1,136456;0,063869;0;0;0;nothing
355;00:04:15;0;0;0;-2,00186;1,136022;0,06353343;0;0;0;nothing
356;00:04:17;0;0;0;-2,001127;1,136183;0,06324989;0;0;0;nothing
357;00:04:18;0;0;0;-2,001301;1,135959;0,06304073;0;0;0;nothing
358;00:04:19;0;0;0;-2,002275;1,135455;0,06258088;0;0;0;nothing
359;00:04:20;0;0;0;-2,001349;1,135732;0,0625906;0;0;0;nothing
360;00:04:21;0;0;0;-2,001483;1,135637;0,06245339;0;0;0;nothing
361;00:04:22;0;0;0;-2,00067;1,135805;0,06253773;0;0;0;nothing
362;00:04:23;0;0;0;-1,999693;1,136254;0,06233084;0;0;0;nothing
363;00:04:24;0;0;0;-1,999769;1,136309;0,06208402;0;0;0;nothing
364;00:04:25;0;0;0;-1,999533;1,136512;0,06193012;0;0;0;nothing
365;00:04:27;0;0;0;-1,998618;1,136987;0,06164688;0;0;0;nothing
366;00:04:28;0;0;0;-1,99872;1,137112;0,06136733;0;0;0;nothing
367;00:04:29;0;0;0;-1,998453;1,13762;0,06122118;0;0;0;nothing
368;00:04:30;0;0;0;-1,997933;1,138007;0,06109273;0;0;0;nothing
369;00:04:31;0;0;0;-1,997995;1,138145;0,06091207;0;0;0;nothing
370;00:04:32;0;0;0;-1,997316;1,138744;0,06101507;0;0;0;nothing
371;00:04:33;0;0;0;-1,996513;1,139221;0,0609234;0;0;0;nothing
372;00:04:34;0;0;0;-1,996424;1,139389;0,06080961;0;0;0;nothing
373;00:04:36;0;0;0;-1,995199;1,140171;0,06105745;0;0;0;nothing
374;00:04:37;0;0;0;-1,994256;1,140687;0,06101972;0;0;0;nothing
375;00:04:38;0;0;0;-1,994096;1,140851;0,06090415;0;0;0;nothing
376;00:04:39;0;0;0;-1,993006;1,141508;0,06106651;0;0;0;nothing
377;00:04:40;0;0;0;-1,992059;1,142007;0,06100458;0;0;0;nothing
378;00:04:41;0;0;0;-1,991825;1,142229;0,06093991;0;0;0;nothing
379;00:04:42;0;0;0;-1,991213;1,142644;0,06100911;0;0;0;nothing
380;00:04:43;0;0;0;-1,990082;1,143203;0,06089658;0;0;0;nothing
381;00:04:44;0;0;0;-1,98969;1,143439;0,06079477;0;0;0;nothing
382;00:04:46;0;0;0;-1,989493;1,143692;0,06056142;0;0;0;nothing
383;00:04:47;0;0;0;-1,988518;1,144166;0,06032068;0;0;0;nothing
384;00:04:48;0;0;0;-1,988043;1,1444;0,06010509;0;0;0;nothing
385;00:04:49;0;0;0;-1,987967;1,144549;0,05977887;0;0;0;nothing
386;00:04:50;0;0;0;-1,987065;1,14494;0,05962574;0;0;0;nothing
387;00:04:51;0;0;0;-1,986539;1,145124;0,05948776;0;0;0;nothing
388;00:04:52;0;0;0;-1,986696;1,145;0,05919278;0;0;0;nothing
389;00:04:53;0;0;0;-1,985986;1,14514;0,05923921;0;0;0;nothing
390;00:04:55;0;0;0;-1,985407;1,145118;0,0591985;0;0;0;nothing
391;00:04:56;0;0;0;-1,98624;1,144456;0,0587042;0;0;0;nothing
392;00:04:57;0;0;0;-1,985537;1,144402;0,05874276;0;0;0;nothing
393;00:04:58;0;0;0;-1,98495;1,14428;0,05867833;0;0;0;nothing
394;00:04:59;0;0;0;-1,98469;1,144155;0,05858237;0;0;0;nothing
395;00:04:60;0;0;0;-1,98384;1,144082;0,05855143;0;0;0;nothing
396;00:04:61;0;0;0;-1,983205;1,143947;0,05855119;0;0;0;nothing
397;00:04:62;0;0;0;-1,982555;1,143848;0,05860013;0;0;0;nothing
398;00:04:63;0;0;0;-1,981902;1,143725;0,05864465;0;0;0;nothing
399;00:04:65;0;0;0;-1,981214;1,143608;0,05876321;0;0;0;nothing
400;00:04:66;0;0;0;-1,980166;1,143662;0,05886596;0;0;0;nothing
401;00:04:67;0;0;0;-1,979452;1,143634;0,05899614;0;0;0;nothing
402;00:04:68;0;0;0;-1,978664;1,143619;0,05906343;0;0;0;nothing
403;00:04:69;0;0;0;-1,976148;1,144239;0,05960608;0;0;0;nothing
404;00:04:70;0;0;0;-1,97554;1,144219;0,05945331;0;0;0;nothing
405;00:04:71;0;0;0;-1,974741;1,144301;0,05942851;0;0;0;nothing
406;00:04:72;0;0;0;-1,974626;1,144243;0,05919808;0;0;0;nothing
407;00:04:74;0;0;0;-1,974192;1,144257;0,05896664;0;0;0;nothing
408;00:04:75;0;0;0;-1,97347;1,144427;0,05899304;0;0;0;nothing
409;00:04:76;0;0;0;-1,973556;1,144248;0,05879718;0;0;0;nothing
410;00:04:77;0;0;0;-1,972956;1,144416;0,05893731;0;0;0;nothing
411;00:04:78;0;0;0;-1,972309;1,144635;0,05890876;0;0;0;nothing
412;00:04:79;0;0;0;-1,972261;1,144604;0,05857193;0;0;0;nothing
413;00:04:80;0;0;0;-1,971587;1,144865;0,05850708;0;0;0;nothing
414;00:04:81;0;0;0;-1,97094;1,145124;0,05845195;0;0;0;nothing
415;00:04:82;0;0;0;-1,971231;1,145065;0,05806893;0;0;0;nothing
416;00:04:84;0;0;0;-1,970603;1,145309;0,05800515;0;0;0;nothing
417;00:04:85;0;0;0;-1,97001;1,14553;0,05791855;0;0;0;nothing
418;00:04:86;0;0;0;-1,97079;1,145368;0,05738693;0;0;0;nothing
419;00:04:87;0;0;0;-1,970274;1,145535;0,05743188;0;0;0;nothing
420;00:04:88;0;0;0;-1,969706;1,145709;0,05735046;0;0;0;nothing
421;00:04:89;0;0;0;-1,970274;1,145547;0,05676293;0;0;0;nothing
422;00:04:90;0;0;0;-1,969749;1,145691;0,05665362;0;0;0;nothing
423;00:04:91;0;0;0;-1,969244;1,145802;0,05658537;0;0;0;nothing
424;00:04:93;0;0;0;-1,969876;1,145434;0,05620503;0;0;0;nothing
425;00:04:94;0;0;0;-1,969369;1,145419;0,05615097;0;0;0;nothing
426;00:04:95;0;0;0;-1,968888;1,145449;0,05612022;0;0;0;nothing
427;00:04:96;0;0;0;-1,969242;1,14497;0,05581349;0;0;0;nothing
428;00:04:97;0;0;0;-1,968773;1,144972;0,05574787;0;0;0;nothing
429;00:04:98;0;0;0;-1,968321;1,144952;0,05570185;0;0;0;nothing
430;00:04:99;0;0;0;-1,969057;1,144448;0,05514014;0;0;0;nothing
431;00:05:00;0;0;0;-1,968616;1,144438;0,05510372;0;0;0;nothing
432;00:05:01;0;0;0;-1,968178;1,144444;0,05511129;0;0;0;nothing
433;00:05:03;0;0;0;-1,968743;1,143988;0,05486763;0;0;0;nothing
434;00:05:04;0;0;0;-1,968305;1,144029;0,05491573;0;0;0;nothing
435;00:05:05;0;0;0;-1,967844;1,144056;0,05496651;0;0;0;nothing
436;00:05:06;0;0;0;-1,968252;1,143577;0,05463129;0;0;0;nothing
437;00:05:07;0;0;0;-1,967775;1,143625;0,05467272;0;0;0;nothing
438;00:05:08;0;0;0;-1,967282;1,143669;0,05470908;0;0;0;nothing
439;00:05:09;0;0;0;-1,967638;1,143241;0,05444813;0;0;0;nothing
440;00:05:10;0;0;0;-1,967144;1,143316;0,05446374;0;0;0;nothing
441;00:05:11;0;0;0;-1,966639;1,143404;0,05446941;0;0;0;nothing
442;00:05:13;0;0;0;-1,967016;1,143047;0,05412918;0;0;0;nothing
443;00:05:14;0;0;0;-1,966502;1,143123;0,0541029;0;0;0;nothing
444;00:05:15;0;0;0;-1,96599;1,143242;0,0540936;0;0;0;nothing
445;00:05:16;0;0;0;-1,966532;1,142968;0,05356294;0;0;0;nothing
446;00:05:17;0;0;0;-1,966009;1,143053;0,05356288;0;0;0;nothing
447;00:05:18;0;0;0;-1,965495;1,143126;0,05356663;0;0;0;nothing
448;00:05:19;0;0;0;-1,966296;1,142775;0,05315065;0;0;0;nothing
449;00:05:20;0;0;0;-1,965832;1,142835;0,05314827;0;0;0;nothing
450;00:05:22;0;0;0;-1,965369;1,142922;0,05315006;0;0;0;nothing
451;00:05:23;0;0;0;-1,965538;1,142618;0,05277336;0;0;0;nothing
452;00:05:24;0;0;0;-1,965075;1,142604;0,05273908;0;0;0;nothing
453;00:05:25;0;0;0;-1,964636;1,14265;0,0527367;0;0;0;nothing
454;00:05:26;0;0;0;-1,965011;1,142309;0,05254304;0;0;0;nothing
455;00:05:27;0;0;0;-1,964556;1,142294;0,05249381;0;0;0;nothing
456;00:05:28;0;0;0;-1,964152;1,142265;0,05246001;0;0;0;nothing
457;00:05:29;0;0;0;-1,964612;1,142006;0,05213267;0;0;0;nothing
458;00:05:30;0;0;0;-1,96423;1,141967;0,05208981;0;0;0;nothing
459;00:05:32;0;0;0;-1,963863;1,141927;0,05204135;0;0;0;nothing
460;00:05:33;0;0;0;-1,963989;1,141654;0,0517655;0;0;0;nothing
461;00:05:34;0;0;0;-1,963657;1,141657;0,05173016;0;0;0;nothing
462;00:05:35;0;0;0;-1,964087;1,14152;0,05143011;0;0;0;nothing
463;00:05:36;0;0;0;-1,963765;1,14153;0,05133259;0;0;0;nothing
464;00:05:37;0;0;0;-1,963465;1,141506;0,05127329;0;0;0;nothing
465;00:05:38;0;0;0;-1,963533;1,141353;0,05110335;0;0;0;nothing
466;00:05:39;0;0;0;-1,963217;1,141308;0,05097878;0;0;0;nothing
467;00:05:41;0;0;0;-1,962934;1,141276;0,0509122;0;0;0;nothing
468;00:05:42;0;0;0;-1,963257;1,141141;0,0506016;0;0;0;nothing
469;00:05:43;0;0;0;-1,963085;1,141069;0,05056995;0;0;0;nothing
470;00:05:44;0;0;0;-1,962808;1,141038;0,05044806;0;0;0;nothing
471;00:05:45;0;0;0;-1,96279;1,140895;0,05027235;0;0;0;nothing
472;00:05:46;0;0;0;-1,962505;1,140872;0,05010897;0;0;0;nothing
473;00:05:47;0;0;0;-1,962231;1,140836;0,05006146;0;0;0;nothing
474;00:05:48;0;0;0;-1,962439;1,140587;0,04984856;0;0;0;nothing
475;00:05:50;0;0;0;-1,962256;1,140508;0,04987812;0;0;0;nothing
476;00:05:51;0;0;0;-1,961965;1,140515;0,04986185;0;0;0;nothing
477;00:05:52;0;0;0;-1,962475;1,140307;0,04959738;0;0;0;nothing
478;00:05:53;0;0;0;-1,962239;1,140304;0,04960072;0;0;0;nothing
479;00:05:54;0;0;0;-1,961976;1,140333;0,04958981;0;0;0;nothing
480;00:05:55;0;0;0;-1,96248;1,140136;0,0493241;0;0;0;nothing
481;00:05:56;0;0;0;-1,962206;1,140165;0,0492298;0;0;0;nothing
482;00:05:57;0;0;0;-1,961907;1,140184;0,04925483;0;0;0;nothing
483;00:05:58;0;0;0;-1,962041;1,139994;0,04915702;0;0;0;nothing
484;00:05:60;0;0;0;-1,96178;1,140026;0,04919672;0;0;0;nothing
485;00:05:61;0;0;0;-1,961475;1,140037;0,04926711;0;0;0;nothing
486;00:05:62;0;0;0;-1,961936;1,139779;0,04908627;0;0;0;nothing
487;00:05:63;0;0;0;-1,961689;1,13975;0,04909343;0;0;0;nothing
488;00:05:64;0;0;0;-1,96142;1,139724;0,04916072;0;0;0;nothing
489;00:05:65;0;0;0;-1,962349;1,139358;0,04887235;0;0;0;nothing
490;00:05:66;0;0;0;-1,962113;1,139342;0,04897422;0;0;0;nothing
491;00:05:67;0;0;0;-1,96186;1,139338;0,04906166;0;0;0;nothing
492;00:05:68;0;0;0;-1,962214;1,139061;0,04895914;0;0;0;nothing
493;00:05:70;0;0;0;-1,962033;1,139027;0,04904264;0;0;0;nothing
494;00:05:71;0;0;0;-1,961796;1,138982;0,049137;0;0;0;nothing
495;00:05:72;0;0;0;-1,962347;1,138687;0,04901403;0;0;0;nothing
496;00:05:73;0;0;0;-1,96219;1,138656;0,04922348;0;0;0;nothing
497;00:05:74;0;0;0;-1,962002;1,138655;0,0493691;0;0;0;nothing
498;00:05:75;0;0;0;-1,96218;1,138342;0,0494194;0;0;0;nothing
499;00:05:76;0;0;0;-1,962028;1,138322;0,04963285;0;0;0;nothing
500;00:05:77;0;0;0;-1,961854;1,138305;0,04980111;0;0;0;nothing
501;00:05:78;0;0;0;-1,962567;1,138035;0,04969954;0;0;0;nothing
502;00:05:80;0;0;0;-1,962431;1,138038;0,04986787;0;0;0;nothing
503;00:05:81;0;0;0;-1,962305;1,138065;0,05006015;0;0;0;nothing
504;00:05:82;0;0;0;-1,962787;1,137825;0,05005848;0;0;0;nothing
505;00:05:83;0;0;0;-1,962645;1,137852;0,0502634;0;0;0;nothing
506;00:05:84;0;0;0;-1,962537;1,137864;0,05048507;0;0;0;nothing
507;00:05:85;0;0;0;-1,963194;1,137611;0,05047125;0;0;0;nothing
508;00:05:86;0;0;0;-1,96311;1,137635;0,05070323;0;0;0;nothing
509;00:05:87;0;0;0;-1,963023;1,137618;0,05094451;0;0;0;nothing
510;00:05:89;0;0;0;-1,963585;1,137307;0,05099332;0;0;0;nothing
511;00:05:90;0;0;0;-1,963452;1,137325;0,05128479;0;0;0;nothing
512;00:05:91;0;0;0;-1,963434;1,1373;0,0515489;0;0;0;nothing
513;00:05:92;0;0;0;-1,963978;1,137067;0,05162621;0;0;0;nothing
514;00:05:93;0;0;0;-1,9639;1,137095;0,05190307;0;0;0;nothing
515;00:05:94;0;0;0;-1,963903;1,137074;0,05215693;0;0;0;nothing
516;00:05:95;0;0;0;-1,964528;1,136787;0,05223441;0;0;0;nothing
517;00:05:96;0;0;0;-1,964507;1,136811;0,05264157;0;0;0;nothing
518;00:05:98;0;0;0;-1,964553;1,136806;0,052939;0;0;0;nothing
519;00:05:99;0;0;0;-1,96513;1,136571;0,05305833;0;0;0;nothing
520;00:06:00;0;0;0;-1,965107;1,136643;0,05341339;0;0;0;nothing
521;00:06:01;0;0;0;-1,965193;1,136626;0,0536887;0;0;0;nothing
522;00:06:02;0;0;0;-1,965602;1,136468;0,05384773;0;0;0;nothing
523;00:06:03;0;0;0;-1,965588;1,136508;0,05395883;0;0;0;nothing
524;00:06:04;0;0;0;-1,965704;1,136498;0,05419874;0;0;0;nothing
525;00:06:05;0;0;0;-1,966286;1,136322;0,05429524;0;0;0;nothing
526;00:06:06;0;0;0;-1,966248;1,136377;0,0544517;0;0;0;nothing
527;00:06:08;0;0;0;-1,966376;1,136352;0,05466473;0;0;0;nothing
528;00:06:09;0;0;0;-1,966664;1,136227;0,05482304;0;0;0;nothing
529;00:06:10;0;0;0;-1,966645;1,136294;0,0550909;0;0;0;nothing
530;00:06:11;0;0;0;-1,966817;1,136253;0,05531865;0;0;0;nothing
531;00:06:12;0;0;0;-1,967073;1,136164;0,05551946;0;0;0;nothing
532;00:06:13;0;0;0;-1,967722;1,135928;0,05549961;0;0;0;nothing
533;00:06:14;0;0;0;-1,967988;1,135899;0,05571181;0;0;0;nothing
534;00:06:15;0;0;0;-1,968135;1,135827;0,05595005;0;0;0;nothing
535;00:06:16;0;0;0;-1,968706;1,135707;0,05612516;0;0;0;nothing
536;00:06:18;0;0;0;-1,968989;1,135721;0,05631971;0;0;0;nothing
537;00:06:19;0;0;0;-1,968258;1,136192;0,05681348;0;0;0;nothing
538;00:06:20;0;0;0;-1,968766;1,136102;0,05691355;0;0;0;nothing
539;00:06:21;0;0;0;-1,969065;1,136111;0,05709994;0;0;0;nothing
540;00:06:22;0;0;0;-1,969097;1,136272;0,05737025;0;0;0;nothing
541;00:06:23;0;0;0;-1,969545;1,13622;0,05768263;0;0;0;nothing
542;00:06:24;0;0;0;-1,969907;1,136191;0,05784976;0;0;0;nothing
543;00:06:25;0;0;0;-1,970645;1,136166;0,057895;0;0;0;nothing
544;00:06:27;0;0;0;-1,971033;1,136137;0,05809206;0;0;0;nothing
545;00:06:28;0;0;0;-1,971439;1,136068;0,05825567;0;0;0;nothing
546;00:06:29;0;0;0;-1,972391;1,135912;0,05822921;0;0;0;nothing
547;00:06:30;0;0;0;-1,972547;1,135916;0,05854869;0;0;0;nothing
548;00:06:31;0;0;0;-1,972982;1,135807;0,05868769;0;0;0;nothing
549;00:06:32;0;0;0;-1,975298;1,134782;0,05823153;0;0;0;nothing
550;00:06:33;0;0;0;-1,97543;1,134825;0,05841303;0;0;0;nothing
551;00:06:34;0;0;0;-1,975969;1,134704;0,05848849;0;0;0;nothing
552;00:06:35;0;0;0;-1,977473;1,134192;0,05825049;0;0;0;nothing
553;00:06:37;0;0;0;-1,977838;1,134126;0,05809546;0;0;0;nothing
554;00:06:38;0;0;0;-1,978414;1,133961;0,05810755;0;0;0;nothing
555;00:06:39;0;0;0;-1,978675;1,133931;0,05820841;0;0;0;nothing
556;00:06:40;0;0;0;-1,979289;1,133752;0,05828637;0;0;0;nothing
557;00:06:41;0;0;0;-1,979868;1,133575;0,05829555;0;0;0;nothing
558;00:06:42;0;0;0;-1,979676;1,13375;0,05851167;0;0;0;nothing
559;00:06:43;0;0;0;-1,980315;1,13356;0,05837607;0;0;0;nothing
560;00:06:44;0;0;0;-1,980828;1,133438;0,05835325;0;0;0;nothing
561;00:06:46;0;0;0;-1,980788;1,133554;0,05848503;0;0;0;nothing
562;00:06:47;0;0;0;-1,981352;1,133451;0,0584048;0;0;0;nothing
563;00:06:48;0;0;0;-1,981875;1,133401;0,0583536;0;0;0;nothing
564;00:06:49;0;0;0;-1,982442;1,133386;0,05827057;0;0;0;nothing
565;00:06:50;0;0;0;-1,982949;1,133385;0,05837202;0;0;0;nothing
566;00:06:51;0;0;0;-1,983441;1,133369;0,05828208;0;0;0;nothing
567;00:06:52;0;0;0;-1,984103;1,133491;0,05812764;0;0;0;nothing
568;00:06:53;0;0;0;-1,984498;1,133562;0,05808717;0;0;0;nothing
569;00:06:54;0;0;0;-1,984977;1,13359;0,05796325;0;0;0;nothing
570;00:06:56;0;0;0;-1,985416;1,133721;0,05783921;0;0;0;nothing
571;00:06:57;0;0;0;-1,985722;1,13387;0,05757517;0;0;0;nothing
572;00:06:58;0;0;0;-1,986195;1,133961;0,05737656;0;0;0;nothing
573;00:06:59;0;0;0;-1,986376;1,13415;0,05723041;0;0;0;nothing
574;00:06:60;0;0;0;-1,986659;1,134366;0,0569151;0;0;0;nothing
575;00:06:61;0;0;0;-1,987087;1,134507;0,05664301;0;0;0;nothing
576;00:06:62;0;0;0;-1,986706;1,134938;0,05656928;0;0;0;nothing
577;00:06:63;0;0;0;-1,987055;1,135098;0,05624551;0;0;0;nothing
578;00:06:65;0;0;0;-1,987399;1,135294;0,05590653;0;0;0;nothing
579;00:06:66;0;0;0;-1,987102;1,135811;0,05571663;0;0;0;nothing
580;00:06:67;0;0;0;-1,987472;1,135957;0,05540574;0;0;0;nothing
581;00:06:68;0;0;0;-1,987758;1,136125;0,05502599;0;0;0;nothing
582;00:06:69;0;0;0;-1,986888;1,136613;0,05500317;0;0;0;nothing
583;00:06:70;0;0;0;-1,987272;1,136695;0,05476868;0;0;0;nothing
584;00:06:71;0;0;0;-1,987495;1,136783;0,05440819;0;0;0;nothing
585;00:06:72;0;0;0;-1,98694;1,137237;0,05428725;0;0;0;nothing
586;00:06:73;0;0;0;-1,987356;1,137193;0,05401438;0;0;0;nothing
587;00:06:75;0;0;0;-1,98754;1,137215;0,05367434;0;0;0;nothing
588;00:06:76;0;0;0;-1,9867;1,137661;0,05361944;0;0;0;nothing
589;00:06:77;0;0;0;-1,987301;1,137453;0,05347049;0;0;0;nothing
590;00:06:78;0;0;0;-1,987364;1,137395;0,05314368;0;0;0;nothing
591;00:06:79;0;0;0;-1,986661;1,137568;0,05306107;0;0;0;nothing
592;00:06:80;0;0;0;-1,98699;1,137358;0,0526756;0;0;0;nothing
593;00:06:81;0;0;0;-1,987034;1,137289;0,05238265;0;0;0;nothing
594;00:06:82;0;0;0;-1,986192;1,137465;0,05234838;0;0;0;nothing
595;00:06:83;0;0;0;-1,986557;1,137227;0,05194825;0;0;0;nothing
596;00:06:85;0;0;0;-1,986517;1,137137;0,05165219;0;0;0;nothing
597;00:06:86;0;0;0;-1,986109;1,137133;0,05158103;0;0;0;nothing
598;00:06:87;0;0;0;-1,986018;1,137048;0,05128592;0;0;0;nothing
599;00:06:88;0;0;0;-1,985886;1,136988;0,05099994;0;0;0;nothing
600;00:06:89;0;0;0;-1,985893;1,136955;0,05084234;0;0;0;nothing
601;00:06:90;0;0;0;-1,985752;1,136916;0,0505951;0;0;0;nothing
602;00:06:91;0;0;0;-1,985595;1,136881;0,05035681;0;0;0;nothing
603;00:06:92;0;0;0;-1,98555;1,136928;0,04995817;0;0;0;nothing
604;00:06:94;0;0;0;-1,985398;1,136898;0,04971862;0;0;0;nothing
605;00:06:95;0;0;0;-1,985206;1,136869;0,0494898;0;0;0;nothing
606;00:06:96;0;0;0;-1,984749;1,136977;0,0493387;0;0;0;nothing
607;00:06:97;0;0;0;-1,985071;1,136774;0,04917455;0;0;0;nothing
608;00:06:98;0;0;0;-1,984847;1,136782;0,04895395;0;0;0;nothing
609;00:06:99;0;0;0;-1,984869;1,136777;0,0486685;0;0;0;nothing
610;00:07:00;0;0;0;-1,98459;1,136817;0,0484764;0;0;0;nothing
611;00:07:01;0;0;0;-1,984324;1,136888;0,04827976;0;0;0;nothing
612;00:07:03;0;0;0;-1,984127;1,136841;0,04818755;0;0;0;nothing
613;00:07:04;0;0;0;-1,983837;1,13692;0,04799271;0;0;0;nothing
614;00:07:05;0;0;0;-1,98351;1,137022;0,04780573;0;0;0;nothing
615;00:07:06;0;0;0;-1,983939;1,136782;0,04735476;0;0;0;nothing
616;00:07:07;0;0;0;-1,983592;1,13687;0,04718381;0;0;0;nothing
617;00:07:08;0;0;0;-1,98322;1,136966;0,04701269;0;0;0;nothing
618;00:07:09;0;0;0;-1,983711;1,136675;0,04663348;0;0;0;nothing
619;00:07:10;0;0;0;-1,983326;1,136768;0,04646826;0;0;0;nothing
620;00:07:11;0;0;0;-1,982921;1,136862;0,04632026;0;0;0;nothing
621;00:07:13;0;0;0;-1,983223;1,136544;0,04616427;0;0;0;nothing
622;00:07:14;0;0;0;-1,982824;1,136615;0,04604077;0;0;0;nothing
623;00:07:15;0;0;0;-1,982399;1,136657;0,04591948;0;0;0;nothing
624;00:07:16;0;0;0;-1,982506;1,136211;0,04555905;0;0;0;nothing
625;00:07:17;0;0;0;-1,982029;1,136217;0,04541326;0;0;0;nothing
626;00:07:18;0;0;0;-1,981521;1,136223;0,04528636;0;0;0;nothing
627;00:07:19;0;0;0;-1,981261;1,135772;0,04513186;0;0;0;nothing
628;00:07:20;0;0;0;-1,980643;1,135528;0,04510653;0;0;0;nothing
629;00:07:22;0;0;0;-1,980008;1,135247;0,04512393;0;0;0;nothing
630;00:07:23;0;0;0;-1,980038;1,134597;0,04495579;0;0;0;nothing
631;00:07:24;0;0;0;-1,97944;1,134243;0,04505813;0;0;0;nothing
632;00:07:25;0;0;0;-1,978858;1,134005;0,045147;0;0;0;nothing
633;00:07:26;0;0;0;-1,9787;1,133647;0,04511744;0;0;0;nothing
634;00:07:27;0;0;0;-1,978188;1,133572;0,04516852;0;0;0;nothing
635;00:07:28;0;0;0;-1,977705;1,133563;0,04521948;0;0;0;nothing
636;00:07:29;0;0;0;-1,977967;1,13345;0,04499388;0;0;0;nothing
637;00:07:30;0;0;0;-1,977434;1,133555;0,04509771;0;0;0;nothing
638;00:07:32;0;0;0;-1,976844;1,133546;0,0452041;0;0;0;nothing
639;00:07:33;0;0;0;-1,976735;1,133358;0,04522157;0;0;0;nothing
640;00:07:34;0;0;0;-1,976095;1,133452;0,0452103;0;0;0;nothing
641;00:07:35;0;0;0;-1,975426;1,13363;0,04508239;0;0;0;nothing
642;00:07:36;0;0;0;-1,975529;1,133446;0,04448479;0;0;0;nothing
643;00:07:37;0;0;0;-1,974765;1,133667;0,04419184;0;0;0;nothing
644;00:07:38;0;0;0;-1,973939;1,133928;0,04384524;0;0;0;nothing
645;00:07:39;0;0;0;-1,973981;1,133594;0,04312849;0;0;0;nothing
646;00:07:40;0;0;0;-1,972989;1,133756;0,0426867;0;0;0;nothing
647;00:07:42;0;0;0;-1,971948;1,13399;0,04219049;0;0;0;nothing
648;00:07:43;0;0;0;-1,972049;1,13375;0,0412513;0;0;0;nothing
649;00:07:44;0;0;0;-1,970992;1,134014;0,04065323;0;0;0;nothing
650;00:07:45;0;0;0;-1,970617;1,133972;0,03980821;0;0;0;nothing
651;00:07:46;0;0;0;-1,96976;1,134202;0,03912318;0;0;0;nothing
652;00:07:47;0;0;0;-1,968673;1,134506;0,03850639;0;0;0;nothing
653;00:07:48;0;0;0;-1,968107;1,1346;0,03764838;0;0;0;nothing
654;00:07:49;0;0;0;-1,966966;1,134933;0,0369525;0;0;0;nothing
655;00:07:50;0;0;0;-1,965828;1,135303;0,03614312;0;0;0;nothing
656;00:07:52;0;0;0;-1,964973;1,13555;0,0351966;0;0;0;nothing
657;00:07:53;0;0;0;-1,963621;1,136042;0,03422236;0;0;0;nothing
658;00:07:54;0;0;0;-1,962438;1,136375;0,03325087;0;0;0;nothing
659;00:07:55;0;0;0;-1,961992;1,136422;0,03189921;0;0;0;nothing
660;00:07:56;0;0;0;-1,96055;1,136765;0,03077662;0;0;0;nothing
661;00:07:57;0;0;0;-1,959247;1,136989;0,02953374;0;0;0;nothing
662;00:07:58;0;0;0;-1,957897;1,137168;0,02817661;0;0;0;nothing
663;00:07:59;0;0;0;-1,957128;1,137179;0,0264017;0;0;0;nothing
664;00:07:61;0;0;0;-1,955881;1,137227;0,02487278;0;0;0;nothing
665;00:07:62;0;0;0;-1,954463;1,137191;0,02335829;0;0;0;nothing
666;00:07:63;0;0;0;-1,952972;1,137258;0,02185601;0;0;0;nothing
667;00:07:64;0;0;0;-1,951872;1,136936;0,0200597;0;0;0;nothing
668;00:07:65;0;0;0;-1,952;1,13617;0,01781398;0;0;0;nothing
669;00:07:66;0;0;0;-1,950241;1,136022;0,01595336;0;0;0;nothing
670;00:07:67;0;0;0;-1,949067;1,135558;0,01408368;0;0;0;nothing
671;00:07:68;0;0;0;-1,948866;1,134564;0,01186991;0;0;0;nothing
672;00:07:69;0;0;0;-1,947104;1,134244;0,01008385;0;0;0;nothing
673;00:07:71;0;0;0;-1,946;1,133558;0,008249819;0;0;0;nothing
674;00:07:72;0;0;0;-1,946349;1,132278;0,005905807;0;0;0;nothing
675;00:07:73;0;0;0;-1,945216;1,131562;0,004276872;0;0;0;nothing
676;00:07:74;0;0;0;-1,944275;1,130744;0,002346516;0;0;0;nothing
677;00:07:75;0;0;0;-1,944557;1,129396;-3,993511E-05;0;0;0;nothing
678;00:07:76;0;0;0;-1,943157;1,128649;-0,001899421;0;0;0;nothing
679;00:07:77;0;0;0;-1,942499;1,127468;-0,00401938;0;0;0;nothing
680;00:07:78;0;0;0;-1,943018;1,12564;-0,006640613;0;0;0;nothing
681;00:07:80;0;0;0;-1,941879;1,124345;-0,008772135;0;0;0;nothing
682;00:07:81;0;0;0;-1,941368;1,122776;-0,01105523;0;0;0;nothing
683;00:07:82;0;0;0;-1,942094;1,120901;-0,01384628;0;0;0;nothing
684;00:07:83;0;0;0;-1,940725;1,119735;-0,01605183;0;0;0;nothing
685;00:07:84;0;0;0;-1,939802;1,118316;-0,01860893;0;0;0;nothing
686;00:07:85;0;0;0;-1,939904;1,116629;-0,02151942;0;0;0;nothing
687;00:07:86;0;0;0;-1,938505;1,115453;-0,0240615;0;0;0;nothing
688;00:07:87;0;0;0;-1,937402;1,114037;-0,02676547;0;0;0;nothing
689;00:07:89;0;0;0;-1,937253;1,112276;-0,0298202;0;0;0;nothing
690;00:07:90;0;0;0;-1,936079;1,110924;-0,03251719;0;0;0;nothing
691;00:07:91;0;0;0;-1,935096;1,109383;-0,03530753;0;0;0;nothing
692;00:07:92;0;0;0;-1,934742;1,107302;-0,03831452;0;0;0;nothing
693;00:07:93;0;0;0;-1,933556;1,105418;-0,04111171;0;0;0;nothing
694;00:07:94;0;0;0;-1,932688;1,102994;-0,0438804;0;0;0;nothing
695;00:07:95;0;0;0;-1,932257;1,100102;-0,04680961;0;0;0;nothing
696;00:07:96;0;0;0;-1,931012;1,096827;-0,04961151;0;0;0;nothing
697;00:07:97;0;0;0;-1,930255;1,09332;-0,05222988;0;0;0;nothing
698;00:07:99;0;0;0;-1,929804;1,089201;-0,05489761;0;0;0;nothing
699;00:08:00;0;0;0;-1,929234;1,084779;-0,05757362;0;0;0;nothing
700;00:08:01;0;0;0;-1,928808;1,080054;-0,06003815;0;0;0;nothing
701;00:08:02;0;0;0;-1,928127;1,074937;-0,0624131;0;0;0;nothing
702;00:08:03;0;0;0;-1,928234;1,069128;-0,06503862;0;0;0;nothing
703;00:08:04;0;0;0;-1,927928;1,063551;-0,06743246;0;0;0;nothing
704;00:08:05;0;0;0;-1,927865;1,057883;-0,06979793;0;0;0;nothing
705;00:08:06;0;0;0;-1,928594;1,051538;-0,07248843;0;0;0;nothing
706;00:08:07;0;0;0;-1,928712;1,045363;-0,07480776;0;0;0;nothing
707;00:08:09;0;0;0;-1,92689;1,039813;-0,07633948;0;0;0;nothing
708;00:08:10;0;0;0;-1,928483;1,032237;-0,07908159;0;0;0;nothing
709;00:08:11;0;0;0;-1,92891;1,025092;-0,08138698;0;0;0;nothing
710;00:08:12;0;0;0;-1,931862;1,016685;-0,08443815;0;0;0;nothing
711;00:08:13;0;0;0;-1,934488;1,008122;-0,08748817;0;0;0;nothing
712;00:08:14;0;0;0;-1,935468;1,000606;-0,08949256;0;0;0;nothing
713;00:08:15;0;0;0;-1,93732;0,9928827;-0,09143728;0;0;0;nothing
714;00:08:16;0;0;0;-1,938856;0,9851656;-0,09306544;0;0;0;nothing
715;00:08:18;0;0;0;-1,939733;0,9776325;-0,09453362;0;0;0;nothing
716;00:08:19;0;0;0;-1,941755;0,9694059;-0,09614199;0;0;0;nothing
717;00:08:20;0;0;0;-1,942939;0,9613317;-0,09715509;0;0;0;nothing
718;00:08:21;0;0;0;-1,943436;0,9537555;-0,09792936;0;0;0;nothing
719;00:08:22;0;0;0;-1,945217;0,9458085;-0,09901416;0;0;0;nothing
720;00:08:23;0;0;0;-1,946367;0,9381932;-0,09924287;0;0;0;nothing
721;00:08:24;0;0;0;-1,946917;0,9311057;-0,09933239;0;0;0;nothing
722;00:08:25;0;0;0;-1,94854;0,923741;-0,09983492;0;0;0;nothing
723;00:08:27;0;0;0;-1,949688;0,9168917;-0,09986305;0;0;0;nothing
724;00:08:28;0;0;0;-1,950215;0,9104825;-0,09992826;0;0;0;nothing
725;00:08:29;0;0;0;-1,951465;0,9038414;-0,1002629;0;0;0;nothing
726;00:08:30;0;0;0;-1,952142;0,8974156;-0,1000164;0;0;0;nothing
727;00:08:31;0;0;0;-1,952409;0,8911076;-0,09993088;0;0;0;nothing
728;00:08:32;0;0;0;-1,953076;0,8846605;-0,09997827;0;0;0;nothing
729;00:08:33;0;0;0;-1,953611;0,8783091;-0,1000041;0;0;0;nothing
730;00:08:34;0;0;0;-1,95381;0,8724744;-0,09996355;0;0;0;nothing
731;00:08:35;0;0;0;-1,951328;0,8682636;-0,09894377;0;0;0;nothing
732;00:08:37;0;0;0;-1,952105;0,8635381;-0,09906644;0;0;0;nothing
733;00:08:38;0;0;0;-1,952765;0,8595077;-0,09922767;0;0;0;nothing
734;00:08:39;0;0;0;-1,953246;0,8557768;-0,09950733;0;0;0;nothing
735;00:08:40;0;0;0;-1,954038;0,8522774;-0,09994352;0;0;0;nothing
736;00:08:41;0;0;0;-1,954948;0,8487256;-0,1005324;0;0;0;nothing
737;00:08:42;0;0;0;-1,955894;0,8451799;-0,1011233;0;0;0;nothing
738;00:08:43;0;0;0;-1,95706;0,8419487;-0,1018984;0;0;0;nothing
739;00:08:44;0;0;0;-1,958159;0,8386874;-0,1027111;0;0;0;nothing
740;00:08:45;0;0;0;-1,959187;0,8357173;-0,1035886;0;0;0;nothing
741;00:08:47;0;0;0;-1,960539;0,8324665;-0,1046539;0;0;0;nothing
742;00:08:48;0;0;0;-1,961826;0,8293626;-0,1057525;0;0;0;nothing
743;00:08:49;0;0;0;-1,96304;0,8264126;-0,1070125;0;0;0;nothing
744;00:08:50;0;0;0;-1,964333;0,8232802;-0,1087595;0;0;0;nothing
745;00:08:51;0;0;0;-1,965352;0,8204181;-0,1103172;0;0;0;nothing
746;00:08:52;0;0;0;-1,966319;0,8175321;-0,1117322;0;0;0;nothing
747;00:08:53;0;0;0;-1,96747;0,8151644;-0,1135524;0;0;0;nothing
748;00:08:54;0;0;0;-1,968606;0,8128492;-0,1150453;0;0;0;nothing
749;00:08:55;0;0;0;-1,969829;0,8106821;-0,1164798;0;0;0;nothing
750;00:08:57;0;0;0;-1,971057;0,8086427;-0,1179274;0;0;0;nothing
751;00:08:58;0;0;0;-1,972209;0,8066467;-0,1192819;0;0;0;nothing
752;00:08:59;0;0;0;-1,973593;0,8044672;-0,1206768;0;0;0;nothing
753;00:08:60;0;0;0;-1,974865;0,8026854;-0,1216944;0;0;0;nothing
754;00:08:61;0;0;0;-1,975929;0,8010708;-0,1229091;0;0;0;nothing
755;00:08:62;0;0;0;-1,97754;0,7988307;-0,1243369;0;0;0;nothing
756;00:08:63;0;0;0;-1,978447;0,7975076;-0,1254169;0;0;0;nothing
757;00:08:64;0;0;0;-1,979301;0,7962695;-0,1264846;0;0;0;nothing
758;00:08:66;0;0;0;-1,980586;0,7944129;-0,1277283;0;0;0;nothing
759;00:08:67;0;0;0;-1,981128;0,7931763;-0,1287434;0;0;0;nothing
760;00:08:68;0;0;0;-1,981723;0,7918072;-0,129862;0;0;0;nothing
761;00:08:69;0;0;0;-1,982647;0,7901059;-0,1311861;0;0;0;nothing
762;00:08:70;0;0;0;-1,983552;0,7886598;-0,132261;0;0;0;nothing
763;00:08:71;0;0;0;-1,984344;0,7873557;-0,1335271;0;0;0;nothing
764;00:08:72;0;0;0;-1,985343;0,7857735;-0,1348768;0;0;0;nothing
765;00:08:73;0;0;0;-1,986179;0,7844783;-0,1359767;0;0;0;nothing
766;00:08:74;0;0;0;-1,986633;0,7845075;-0,1371697;0;0;0;nothing
767;00:08:76;0;0;0;-1,987467;0,7835252;-0,1382167;0;0;0;nothing
768;00:08:77;0;0;0;-1,988461;0,781497;-0,1383811;0;0;0;nothing
769;00:08:78;0;0;0;-1,989141;0,7813547;-0,1390432;0;0;0;nothing
770;00:08:79;0;0;0;-1,990467;0,7805558;-0,1402484;0;0;0;nothing
771;00:08:80;0;0;0;-1,991119;0,7796015;-0,1409661;0;0;0;nothing
772;00:08:81;0;0;0;-1,991476;0,7787296;-0,1418501;0;0;0;nothing
773;00:08:82;0;0;0;-1,993333;0,777786;-0,1432797;0;0;0;nothing
774;00:08:83;0;0;0;-1,994007;0,7772233;-0,1438495;0;0;0;nothing
775;00:08:85;0;0;0;-1,994332;0,7760816;-0,1449409;0;0;0;nothing
776;00:08:86;0;0;0;-1,996502;0,7753143;-0,1465501;0;0;0;nothing
777;00:08:87;0;0;0;-1,996868;0,7745676;-0,1472007;0;0;0;nothing
778;00:08:88;0;0;0;-1,997064;0,7735268;-0,1480482;0;0;0;nothing
779;00:08:89;0;0;0;-1,999227;0,772452;-0,1495606;0;0;0;nothing
780;00:08:90;0;0;0;-1,999781;0,7715082;-0,149934;0;0;0;nothing
781;00:08:91;0;0;0;-2,000203;0,7711718;-0,150511;0;0;0;nothing
782;00:08:92;0;0;0;-2,002534;0,7710915;-0,1515413;0;0;0;nothing
783;00:08:93;0;0;0;-2,003376;0,770766;-0,1516442;0;0;0;nothing
784;00:08:95;0;0;0;-2,003958;0,7702471;-0,1519437;0;0;0;nothing
785;00:08:96;0;0;0;-2,006041;0,7696159;-0,1527604;0;0;0;nothing
786;00:08:97;0;0;0;-2,006617;0,7691323;-0,1528545;0;0;0;nothing
787;00:08:98;0;0;0;-2,007216;0,7686619;-0,1531581;0;0;0;nothing
788;00:08:99;0;0;0;-2,009008;0,7682801;-0,1536854;0;0;0;nothing
789;00:09:00;0;0;0;-2,009777;0,7678977;-0,1541088;0;0;0;nothing
790;00:09:01;0;0;0;-2,010521;0,7675974;-0,1544922;0;0;0;nothing
791;00:09:02;0;0;0;-2,011355;0,7671303;-0,1547253;0;0;0;nothing
792;00:09:04;0;0;0;-2,012075;0,7668275;-0,1548626;0;0;0;nothing
793;00:09:05;0;0;0;-2,012718;0,7663306;-0,1550276;0;0;0;nothing
794;00:09:06;0;0;0;-2,013371;0,7659538;-0,155158;0;0;0;nothing
795;00:09:07;0;0;0;-2,014173;0,7655131;-0,1554415;0;0;0;nothing
796;00:09:08;0;0;0;-2,014887;0,7650661;-0,1557514;0;0;0;nothing
797;00:09:09;0;0;0;-2,01554;0,7647511;-0,1560797;0;0;0;nothing
798;00:09:10;0;0;0;-2,015939;0,7643477;-0,1560714;0;0;0;nothing
799;00:09:11;0;0;0;-2,016514;0,7638212;-0,1563585;0;0;0;nothing
800;00:09:12;0;0;0;-2,016382;0,7636099;-0,1563595;0;0;0;nothing
801;00:09:14;0;0;0;-2,016847;0,7632488;-0,1563872;0;0;0;nothing
802;00:09:15;0;0;0;-2,017656;0,7629673;-0,1567685;0;0;0;nothing
803;00:09:16;0;0;0;-2,017767;0,7632071;-0,1568554;0;0;0;nothing
804;00:09:17;0;0;0;-2,018694;0,7627698;-0,1572077;0;0;0;nothing
805;00:09:18;0;0;0;-2,019667;0,762354;-0,1574505;0;0;0;nothing
806;00:09:19;0;0;0;-2,019239;0,7623847;-0,1571092;0;0;0;nothing
807;00:09:20;0;0;0;-2,019984;0,7619672;-0,1571458;0;0;0;nothing
808;00:09:21;0;0;0;-2,020528;0,7616148;-0,1571849;0;0;0;nothing
809;00:09:23;0;0;0;-2,020072;0,7615577;-0,1569501;0;0;0;nothing
810;00:09:24;0;0;0;-2,02082;0,7611953;-0,1571139;0;0;0;nothing
811;00:09:25;0;0;0;-2,021616;0,7607783;-0,1574003;0;0;0;nothing
812;00:09:26;0;0;0;-2,021006;0,7608879;-0,1571543;0;0;0;nothing
813;00:09:27;0;0;0;-2,021712;0,7605779;-0,1573656;0;0;0;nothing
814;00:09:28;0;0;0;-2,022503;0,7601842;-0,1576651;0;0;0;nothing
815;00:09:29;0;0;0;-2,021787;0,7604957;-0,1571729;0;0;0;nothing
816;00:09:30;0;0;0;-2,022616;0,7600887;-0,1574284;0;0;0;nothing
817;00:09:31;0;0;0;-2,023489;0,759681;-0,1577008;0;0;0;nothing
818;00:09:33;0;0;0;-2,021967;0,76026;-0,1571817;0;0;0;nothing
819;00:09:34;0;0;0;-2,022775;0,7598916;-0,157505;0;0;0;nothing
820;00:09:35;0;0;0;-2,023574;0,759545;-0,1578587;0;0;0;nothing
821;00:09:36;0;0;0;-2,020219;0,7614686;-0,1566398;0;0;0;nothing
822;00:09:37;0;0;0;-2,021001;0,7611308;-0,1569349;0;0;0;nothing
823;00:09:38;0;0;0;-2,02174;0,7607745;-0,157194;0;0;0;nothing
824;00:09:39;0;0;0;-2,018731;0,7622285;-0,155932;0;0;0;nothing
825;00:09:40;0;0;0;-2,019475;0,761893;-0,1562057;0;0;0;nothing
826;00:09:42;0;0;0;-2,020236;0,7615839;-0,1565164;0;0;0;nothing
827;00:09:43;0;0;0;-2,018102;0,7621728;-0,1560426;0;0;0;nothing
828;00:09:44;0;0;0;-2,018789;0,7618421;-0,1563219;0;0;0;nothing
829;00:09:45;0;0;0;-2,019459;0,7614906;-0,1565929;0;0;0;nothing
830;00:09:46;0;0;0;-2,01662;0,7631003;-0,1554608;0;0;0;nothing
831;00:09:48;0;0;0;-2,017286;0,7628238;-0,1557512;0;0;0;nothing
832;00:09:48;0;0;0;-2,017925;0,7625211;-0,1560189;0;0;0;nothing
833;00:09:49;0;0;0;-2,013934;0,7647318;-0,1545357;0;0;0;nothing
834;00:09:50;0;0;0;-2,014378;0,7645457;-0,1546366;0;0;0;nothing
835;00:09:51;0;0;0;-2,014996;0,7642466;-0,1548815;0;0;0;nothing
836;00:09:52;0;0;0;-2,014939;0,7643129;-0,1548799;0;0;0;nothing
837;00:09:53;0;0;0;-2,015317;0,764215;-0,1550226;0;0;0;nothing
838;00:09:54;0;0;0;-2,015922;0,7639434;-0,1552925;0;0;0;nothing
839;00:09:55;0;0;0;-2,015924;0,7639527;-0,1553093;0;0;0;nothing
840;00:09:57;0;0;0;-2,01638;0,7637922;-0,1554024;0;0;0;nothing
841;00:09:58;0;0;0;-2,016975;0,7635355;-0,1556584;0;0;0;nothing
842;00:09:59;0;0;0;-2,016615;0,7636259;-0,1555527;0;0;0;nothing
843;00:09:60;0;0;0;-2,017531;0,7632143;-0,1557443;0;0;0;nothing
844;00:09:61;0;0;0;-2,018143;0,7629682;-0,1559942;0;0;0;nothing
845;00:09:62;0;0;0;-2,009095;0,7674839;-0,1525907;0;0;0;nothing
846;00:09:63;0;0;0;-2,009415;0,7673837;-0,1526269;0;0;0;nothing
847;00:09:64;0;0;0;-2,00991;0,7671785;-0,1528305;0;0;0;nothing
848;00:09:66;0;0;0;-2,007596;0,7683445;-0,1519633;0;0;0;nothing
849;00:09:67;0;0;0;-2,007791;0,7682726;-0,152056;0;0;0;nothing
850;00:09:68;0;0;0;-2,00826;0,7680618;-0,1522419;0;0;0;nothing
851;00:09:69;0;0;0;-2,006468;0,7689835;-0,1515889;0;0;0;nothing
852;00:09:70;0;0;0;-2,006688;0,7689288;-0,1515478;0;0;0;nothing
853;00:09:71;0;0;0;-2,007117;0,7687421;-0,1517195;0;0;0;nothing
854;00:09:72;0;0;0;-2,004119;0,7702907;-0,150587;0;0;0;nothing
855;00:09:73;0;0;0;-2,004465;0,770138;-0,1505894;0;0;0;nothing
856;00:09:75;0;0;0;-2,004873;0,7699673;-0,1507216;0;0;0;nothing
857;00:09:76;0;0;0;-2,001841;0,7713975;-0,1495739;0;0;0;nothing
858;00:09:77;0;0;0;-2,002021;0,7713457;-0,1496252;0;0;0;nothing
859;00:09:78;0;0;0;-2,002352;0,7711754;-0,1497626;0;0;0;nothing
860;00:09:79;0;0;0;-2,000457;0,7721583;-0,1490335;0;0;0;nothing
861;00:09:80;0;0;0;-2,00061;0,7720884;-0,1490826;0;0;0;nothing
862;00:09:81;0;0;0;-2,000922;0,7719318;-0,1492119;0;0;0;nothing
863;00:09:82;0;0;0;-1,999156;0,7728238;-0,1485415;0;0;0;nothing
864;00:09:83;0;0;0;-1,999333;0,7727631;-0,1485834;0;0;0;nothing
865;00:09:85;0;0;0;-1,999628;0,7726297;-0,1486891;0;0;0;nothing
866;00:09:86;0;0;0;-1,998031;0,7733151;-0,148094;0;0;0;nothing
867;00:09:87;0;0;0;-1,998161;0,7732877;-0,1480566;0;0;0;nothing
868;00:09:88;0;0;0;-1,998431;0,7731255;-0,1480698;0;0;0;nothing
869;00:09:89;0;0;0;-1,997408;0,7737093;-0,14758;0;0;0;nothing
870;00:09:90;0;0;0;-1,997496;0,7736526;-0,1476472;0;0;0;nothing
871;00:09:91;0;0;0;-1,997712;0,7735385;-0,147662;0;0;0;nothing
872;00:09:93;0;0;0;-1,996272;0,774107;-0,1469411;0;0;0;nothing
873;00:09:94;0;0;0;-1,996454;0,7739909;-0,1469624;0;0;0;nothing
874;00:09:95;0;0;0;-1,996667;0,7738767;-0,1469844;0;0;0;nothing
875;00:09:96;0;0;0;-1,995529;0,7745557;-0,1466058;0;0;0;nothing
876;00:09:97;0;0;0;-1,99572;0,7744617;-0,1466485;0;0;0;nothing
877;00:09:98;0;0;0;-1,995933;0,7743577;-0,1467081;0;0;0;nothing
878;00:10:02;0;0;0;-1,993604;0,7755052;-0,1457658;0;0;0;nothing
879;00:10:02;0;0;0;-1,993781;0,7754253;-0,1458285;0;0;0;nothing
880;00:10:03;0;0;0;-1,994182;0,7752141;-0,1461219;0;0;0;nothing
881;00:10:04;0;0;0;-1,994185;0,7752475;-0,1461541;0;0;0;nothing
882;00:10:05;0;0;0;-1,994343;0,7751828;-0,146251;0;0;0;nothing
883;00:10:06;0;0;0;-1,993278;0,7756431;-0,1457962;0;0;0;nothing
884;00:10:09;0;0;0;0;0;0;0;0;0;nothing
